Database Name,Accepted name,Difference
Sorbus aria,Aria edulis,SYNONYM
Rhinanthus major,Rhinanthus serotinus subsp. serotinus,SYNONYM
Erophila verna,Draba verna,SYNONYM
Arabis muralis,Arabis collina,SYNONYM
Arabis petraea,Braya humilis,SYNONYM
Hesperis steocurainia,,
Draba affinis,Draba ecuadoriana,HETEROTYPIC SYNONYM
Bivonea lutea,Bivonaea lutea,SYNONYM
Hedysarum? flexuosum?,,
Crotalaria meana,Crotalaria,Genus
Tragopogon pseudocastell.,Tragopogon pseudocastellanus,SYNONYM
Carex fusca,Carex nigra,SYNONYM
Leuzea conifera,Rhaponticum coniferum,SYNONYM
Astragalus purpureus,Astragalus hypoglottis,SYNONYM
Onobrychis peduncularis,Onobrychis humilis,SYNONYM
Cheirolophus aristatus,Cheirolophus,Genus
Silene elegans,Silene ciliata,SYNONYM
Brassica incanaxoleracea,Brassica incana,Typo
Trigonella melilotus coeru,Melilotus indicus,SYNONYM
Onobrychis eriophora,Onobrychis humilis,SYNONYM
Lotus uleginosus,Lotus pedunculatus,SYNONYM
Caragana fruticosa,Caragana arborescens,SYNONYM
Acacia gummifera,Vachellia gummifera,SYNONYM
Achiranthes aspera,Achyranthes aspera,SYNONYM
Aethionema antilibani,Aethionema,SYNONYM
Agrostemma guithago,Agrostemma githago,Typo
Alisma plantago-aquat.,Alisma plantago-aquatica,Typo
Allium italicum,Arum italicum,Typo?
Allium porrum,Allium ampeloprasum,SYNONYM
Alcea officinalis,Althaea officinalis,Typo
Alyssum alpestre,Odontarrhena alpestris,SYNONYM
Alyssum calycinum,Alyssum alyssoides,SYNONYM
Alyssum argenteum,Odontarrhena argentea,SYNONYM
Alyssum corsicum,Odontarrhena corsica,SYNONYM
Alyssum marginatum,Alyssum minutum,SYNONYM
Alyssum murale,Odontarrhena muralis,SYNONYM
Alyssum purpureum,Hormathophylla purpurea,SYNONYM
Alyssum tortuosum,Odontarrhena tortuosa,SYNONYM
Amaranthus lividus,Amaranthus blitum,SYNONYM
Anchusa granatensis,Anchusa undulata subsp. granatensis,SYNONYM
Arabis albida,Arabis caucasica,SYNONYM
Arabis arcuta,Arabis ciliata,Typo and SYNONYM
Arabis celennis,Arabis,SYNONYM
Arabis minor,Arabis alpina,SYNONYM
Arabis mollis,Arabis christiani,SYNONYM
Arabis pendula,Catolobus pendulus,SYNONYM
Arabis sicula,Arabis caucasica,SYNONYM
Arabis bellidifolia,Arabis pumila,SYNONYM
Arabis sparsiflora,Boechera sparsiflora,SYNONYM
Arabis sagit.xciliata,Arabis sagittata,SYNONYM
Argyranthemum sp.,Argyranthemum,Genus
Argyranthemum sp,Argyranthemum,Genus
Aristolochia longa,Aristolochia fontanesii,SYNONYM
Armeria juniperifolia,Armeria humilis,SYNONYM
Aronia floribunda,Sinomalus sieboldii,SYNONYM
Asphodelus microcarpus,Asphodelus ramosus subsp. ramosus,SYNONYM
Atriplex sampa,Atriplex lampa,Typo
Bellotia greixiifolia,Bellotia,Genus
Biscutella chicoriifolia,Biscutella cichoriifolia,Typo
Brachypodium ramosum,Brachypodium retusum,SYNONYM
Bromus mollis,Bromus hordeaceus subsp. hordeaceus,SYNONYM
Bromus matritensis,Bromus rigidus,SYNONYM
Caesalpinia guillesii,Erythrostemon gilliesii,Typo and SYNONYM
Capsicum frutensis,Capsicum frutescens,Typo
Arabis arenosa,Arabidopsis arenosa,SYNONYM
Cardaminopsis malleri,Arabis,Genus
Centaurea oultrei,Centaurea ultreiae,SYNONYM
Chaenorrhinum glareosum,Chaenorhinum glareosum,Typo
Chaenorrhinum macropodum,Chaenorhinum macropodum,SYNONYM
Chaenorrhinum robustum,Chaenorhinum robustum,SYNONYM
Chrozophora obliqua,Chrozophora tinctoria,SYNONYM
Cirsium lanceolatum,Cirsium vulgare,SYNONYM
Citrus nobilis,Citrus ×aurantium,SYNONYM
Cleome spinosa,Tarenaya spinosa,SYNONYM
Clypeola ionthlaspi,Clypeola jonthlaspi,typo
Conringia perfoliata,Conringia orientalis,SYNONYM
Consolida,Delphinium,Genus
Thymus capitatus,Thymbra capitata,SYNONYM
Cynoglossum cheirifolium,Pardoglossum cheirifolium subsp. cheirifolium,
Digitalis oscura,Digitalis obscura,Typo
Douepia tortuosa,Douepea tortuosa,Typo
Draba muralis,Drabella muralis,SYNONYM
Dryas dummondii,Dryas drummondii,typo
Echium decais.xviresc.,Echium decaisnei,SYNONYM
Agropyrum glaucum,Agropyron glaucum,Typo
Erigeron cabrerae,Erigeron calderae,SYNONYM
Erigeron bourgati,Eryngium bourgatii,Typo
Erysimum alpinum,Erysimum virgatum,SYNONYM
Erysimum capverdianum,Erysimum,Genus
Erysimum xcheiranthus,Erysimum odoratum,SYNONYM
Erysimum helveticum,Erysimum rhaeticum,SYNONYM
Erysimum decumbens,Erysimum humile,SYNONYM
Erysimum rupestre,Erysimum pulchellum,SYNONYM
Erysimum ochrol.xperofs.,Erysimum humile,SYNONYM
Euphorbia obtusifolia,Euphorbia lamarckii,SYNONYM
Evax disciflora,Filago,Genus
Festuca duriuscula,Festuca rubra,SYNONYM
Geranium canariense,Geranium reuteri,SYNONYM
Gerbera aristata,Gaillardia aristata,Needs revision
Helianthemum croceum,Helianthemum apenninum subsp. croceum,SYNONYM
Helianthemum crocceum,Helianthemum apenninum subsp. croceum,SYNONYM
Helianthemum piliferum,Helianthemum neopiliferum,SYNONYM
Helichrysum ambiguum,Hieracium affine,SYNONYM
Helichrysum rupestre,Helichrysum pendulum,SYNONYM
Heliophila longifolia,Heliophila coronopifolia,SYNONYM
Heliotropum europaeum,Heliotropium europaeum,typo
Hieracium castellanum,Pilosella castellana,SYNONYM
Hormatophylla macrocarpa,Hormathophylla kuepferiana,Typo and SYNONYM
Sedum tartarinowii,Hylotelephium tatarinowii,Typo and SYNONYM
Hyosciamus albus,Hyoscyamus albus,typo
Andropogon hirtum,Hyparrhenia hirta,Typo and SYNONYM
Inula crithmoides,Limbarda crithmoides,SYNONYM
Ipomoea tuberosa,Ipomoea mauritiana,SYNONYM
Iris pyrenaica,Iris jacquinii,SYNONYM
Isatis alpina,Isatis tinctoria,SYNONYM
Lachnoloma lemmanii,Lachnoloma lehmannii,typo
Lavatera phoenicea,Malva phoenicea,SYNONYM
Leontopodium alpinum,Leontopodium nivale subsp. alpinum,SYNONYM
Leucanthemum sinense,Leucanthemum,Genus
Leucanthemum sinensis,Leucanthemum,
Linum adpressum,Linum appressum,typo
Scabiosa cretica,Lomelosia cretica,SYNONYM
Scabiosa stellata,Lomelosia stellata,SYNONYM
Lotus hildebrandii,Lotus campylocladus subsp. hillebrandii,Typo and SYNONYM
Lotus uliginosus,Lotus pedunculatus subsp. pedunculatus,SYNONYM
Lupinus myriophyllus,Lupinus microphyllus,revision
Malcolmia crenulata,Zuvanda crenulata,SYNONYM
Melilotus parviflora,Melilotus indicus,Typo and SYNONYM
Mentha sylvestris,Mentha longifolia subsp. longifolia,SYNONYM
Momordica balsamifera,Momordica balsamina,typo
Macuna deeringiana,Mucuna pruriens var. utilis,Typo
Muricaria postrata,Myricaria prostrata,revision
Narcissus humilis,Narcissus cavanillesii,SYNONYM
Onopordum acanth.xnervos.,Onopordum acanthium,SYNONYM
Mesembryanthem.,Mesembryanthemum,Typo
Coris monspelliensis,Coris monspeliensis,Typo
Iris xyphioides,Iris jacquinii,Typo and SYNONYM
Arenaria agregata,Arenaria aggregata,Typo
Erysimum hieracifolium,Erysimum hieraciifolium,Typo
Rapistrum linneanum,Rapistrum rugosum,Typo and SYNONYM
Schiverechia podolica,Draba hyperborea,Typo and SYNONYM
Lunaria pachirriza,Lunaria annua subsp. pachyrhiza,Typo and SYNONYM
Megacarpea gigantea,Megacarpaea gigantea,Typo
Alyssum stenostachium,Alyssum szovitsianum,Typo and SYNONYM
Lobularia lybica,Lobularia libyca,Typo
Lonchophora capiomontiana,Matthiola capiomontana,Typo and SYNONYM
Cytisophillum sessilifolius,Cytisophyllum sessilifolium,Typo
Cytisus?Teline? -,,
Dorycnium pentaphillum,Lotus dorycnium,Typo and SYNONYM
Citrullus coloquintys,Citrullus colocynthis,Typo
Apium graveoleus,Apium graveolens,Typo
Sedum fragans,Sedum fragrans,Typo
Cistus salvifolius,Cistus salviifolius,Typo
Iris xyphium,Iris xiphium,Typo
Leontodon hispidum,Leontodon hispidus,Typo
Silene macrorrhiza,Silene foetida subsp. gayana,Typo and SYNONYM
Halimodendron halodendrom,Caragana halodendron,Typo and SYNONYM
Genistella sagitalis,Genista sagittalis,Typo and SYNONYM
Onobrychis viceafolia,Onobrychis cyri,Typo and SYNONYM
Melilotus wolgica,Melilotus wolgicus,Typo
Melilotus italica,Melilotus italicus,Typo
Melilotus altissima,Melilotus altissimus,Typo
Onobrychis caput-gallica,Onobrychis caput-galli,Typo
Melilotus sulcata,Melilotus sulcatus,Typo
Acer ginnata,Acer tataricum subsp. ginnala,Typo and SYNONYM
Aeonium castellopaivae,Aeonium castello-paivae,Typo
Aeonium lindleyii,Aeonium lindleyi,Typo
Aesculus hippocastaneum,Aesculus hippocastanum,Typo
Alyssum bormullerii,Alyssum bornmuelleri,Typo
Alyssum loiseleuri,Alyssum loiseleurii,Typo
Alyssum simlex,Alyssum simplex,Typo
Alyssum trichostachium,Alyssum trichostachyum,Typo
Ampelodesmos mauritanica,Ampelodesmos mauritanicus,Typo
Ampelopsis megaphylla,Nekemias megalophylla,Typo and SYNONYM
Androcymbium psamophyllum,Colchicum psammophilum,Typo and SYNONYM
Androcymbium hierrensis,Colchicum hierrense,Typo and SYNONYM
Andryala ramossisima,Andryala ragusina subsp. ragusina,Typo and SYNONYM
Andryala webbi,Andryala webbii,Typo
Annona cheirimolla,Annona cherimola,Typo
Antirrhinum braun-blanquet.,Antirrhinum braun-blanquetii,Typo
Arabis drumondii,Boechera stricta,Typo and SYNONYM
Arabis ottonis-schulzi,Arabis ottonis-schulzii,Typo
Arabis retrofacta,Boechera retrofracta,Typo and SYNONYM
Arabis soyerii,Arabis soyeri,Typo
Argyranthemum haourarytheum,Argyranthemum haouarytheum,Typo
Artocarpus incisa,Artocarpus altilis,Typo and SYNONYM
Asphodelus bentho-rainhae,Asphodelus bento-rainhae,Typo
Astragalus glyciphyllus,Astragalus glycyphyllos,Typo
Astragalus siculum,Astragalus siculus,Typo
Atriplex tataria,Atriplex tatarica,Typo
Aubrietia,,
Aubrietia columnae,Aubrieta columnae,Typo
Aubrietia deltoidea,Aubrieta deltoidea,Typo
Aubrietia intermedia,Aubrieta deltoidea,Typo
Aubrietia erubescens,Aubrieta erubescens,Typo
Aubrietia gracilis,Aubrieta gracilis,Typo
Aubrietia libanotica,Aubrieta libanotica,Typo
Aubrietia olympica,Aubrieta olympica,Typo
Bahuinia,,
Bahuinia candicans,Bauhinia forficata subsp. pruinosa,SYNONYM
Biscutella rotgersii,Biscutella rotgesii,Typo
Bornmuellera tymphea,Bornmuellera tymphaea,Typo
Brachychiton populneum,Brachychiton populneus,Typo
Brassica bourgaei,Brassica bourgeaui,Typo
Brassica oxyrrhyna,Brassica oxyrrhina,Typo
Calicarpa dichotoma,Callicarpa dichotoma,Typo
Canavallia ensiformis,Canavalia ensiformis,Typo
Capsicum chiloense,Capsicum,Typo
Catananche coerulea,Catananche caerulea,Typo
Centaurea janerii,Centaurea janeri,Typo
Centaurium erythrea,Centaurium erythraea,Typo
Chorizia speciosa,Ceiba speciosa,Typo and SYNONYM
Chrysochamaela velutina,Chrysochamela velutina,Typo
Cicer canariensis,Cicer canariense,Typo
Cistanche phelipaea,Cistanche phelypaea,Typo
Cistus osbaeckiefolius,Cistus osbeckiifolius,Typo
Cistus osbeckifolius,,
Cleradendron trichotomum,Clerodendrum trichotomum,Typo and SYNONYM
Coffea arabiga,Coffea arabica,Typo
Coliguaya odorifera,Colliguaja odorifera,Typo
Conyza bonariense,Erigeron bonariensis,Typo and SYNONYM
Cotynus coggyria,Cotinus coggygria,Typo
Crassula tyllaea,Crassula tillaea,Typo
Cucumis auguria,Cucumis anguria,Typo
Descurainia gonzalezii,Descurainia gonzalezi,Typo
Diplotaxis griffitii,Diplotaxis griffithii,Typo
Diplotaxis platystilos,Diplotaxis erucoides,Typo and SYNONYM
Ditrychia viscosa,Dittrichia viscosa,Typo
Draba fladzinensis,Draba fladnizensis,Typo
Draba primuldides,Draba primuloides,Typo
Draba carinthica,Draba siliquosa,Typo and SYNONYM
Echium bethencoutii,Echium bethencourtii,Typo
Echium bonetti,Echium bonnetii,Typo
Echium webbi,Echium webbii,Typo
Echium wildpretti,Echium wildpretii,Typo
Elymus farctuus,Thinopyrum junceum,Typo and SYNONYM
Epilobium duriei,Epilobium duriaei,Typo
Erodium recoderii,Erodium recoderi,Typo
Eruca vesicaris,Eruca vesicaria,Typo
Erysimum bonnanianum,Erysimum bonannianum,Typo
Erysimum caboverdianum,Erysimum caboverdeanum,Typo
Erysimum cheiramthoides,Erysimum cheiranthoides,Typo
Erysimum wittmanii,Erysimum witmannii,Typo
Erysimum medio-hispanic.,Erysimum nevadense subsp. mediohispanicum,Typo and SYNONYM
Euphrasia willkomii,Euphrasia willkommii,Typo
Fagopyron sagittatum,Fagopyrum esculentum,Typo and SYNONYM
Bilderdickia aubertii,,
Festuca agustinii,Festuca agustini,Typo
Festuca burnatti,Festuca burnatii,Typo
Securinega tinctorea,Flueggea tinctoria,Typo and SYNONYM
Galium boisserianum,Galium boissierianum,Typo
Galium erythrorrizon,Galium erythrorrhizon,Typo
Genista benehaovensis,Cytisus scoparius subsp. scoparius,Typo and SYNONYM
Glycirrhiza glabra,Glycyrrhiza glabra,Typo
Gnaphalium luteo-album,Helichrysum luteoalbum,Typo and SYNONYM
Gomphrenia,Gomphrena,Typo
Graellsia saxifragaefolia,Graellsia saxifragifolia,Typo
Grindelia buphtalmoides,Grindelia buphthalmoides,Typo
Brassica jordanofii,Brassica nivalis subsp. jordanoffii,Typo and SYNONYM
Helianthemum appenninum,Helianthemum apenninum,Typo
Helianthemum broussonettii,Helianthemum broussonetii,Typo
Helianthemum bystropogophyl.,Helianthemum bystropogophyllum,Typo
Helianthus argyrophyllus,Helianthus argophyllus,Typo
Hordeum distichum,Hordeum distichon,Typo
Hormatophylla cadevalliana,Hormathophylla cadevalliana,Typo
Hormatophylla cochleata,Hormathophylla cochleata,Typo
Hormatophylla halimifolia,Hormathophylla ligustica,Typo and SYNONYM
Hormatophylla lapeyrousiana,Hormathophylla lapeyrousiana,Typo
Hormatophylla longicaulis,Hormathophylla longicaulis,Typo
Hormatophylla reverchonii,Hormathophylla reverchonii,Typo
Hormatophylla spinosa,Hormathophylla spinosa,Typo
Sedum cauticolum,Hylotelephium cauticola,Typo and SYNONYM
Sedum erythrostictrum,Hylotelephium erythrostictum,Typo and SYNONYM
Sedum erythrostrictum,,
Sedum ettyuensis,Hylotelephium sieboldii var. Ettyuense,Typo and SYNONYM
Hypericum coadnatum,Hypericum coadunatum,Typo
Iberis pruitti,Iberis carnosa,Typo and SYNONYM
Krascheninnikov ceratoides,Krascheninnikovia ceratoides,Typo
Lavandula minutelii,Lavandula minutolii,Typo
Lepidium aluaudii,Lepidium alluaudii,Typo
Lepidium kirskii,Lepidium kirkii,Typo
Lepidium meyeni,Lepidium meyenii,Typo
Lepidium ramossisimum,Lepidium ramosissimum,Typo
Lepidium menziessii,Lepidium virginicum subsp. menziesii,Typo and SYNONYM
Leuzea centaurioides,Rhaponticum centauroides,Typo and SYNONYM
Limonium dufourei,Limonium dufourii,Typo
Linaria peloponessica,Linaria peloponnesiaca,Typo
Linaria reptans,Linaria repens,Typo
Linaria satureioides,Linaria saturejoides,Typo
Lythraea caustica,Lithraea caustica,Typo
Lonicera mackii,Lonicera maackii,Typo
Lotus tenella,Lotus tenellus,Typo
Lotus citissoides,Lotus cytisoides,Typo
Lupinus poliphyllus,Lupinus polyphyllus,Typo
Matthiola chenopodifolia,Matthiola chenopodiifolia,Typo
Megacarpea orbiculata,Megacarpaea orbiculata,Typo
Melia azederach,Melia azedarach,Typo
Mesembryanthem. cristallinum,Mesembryanthemum crystallinum,Typo
Mesembryanthem. nodiflorum,Mesembryanthemum nodiflorum,Typo
Myrica rivas-martinezi,Morella rivas-martinezii,Typo and SYNONYM
Myrroides nodosa,Chaerophyllum nodosum,Typo and SYNONYM
Nelumbo nuccifera,Nelumbo nucifera,Typo
Odontites viscosa,Odontites viscosus,Typo
Oenanthe croccata,Oenanthe crocata,Typo
Oenanthe lackenalii,Oenanthe lachenalii,Typo
Onobrychis senneni,Onobrychis sennenii,Typo
Ornithogalum conccinum,Ornithogalum concinnum,Typo
